reference,item,manufacturer_part_number,revision,pcb_width_mm,pcb_length_mm,max_height_mm,pin_count,pin_pitch_mm,row_spacing_mm,mount_hole_diameter_mm,mount_hole_coordinates_mm,connector_or_overhang_clearance_mm,pin_1_and_order_verified,photo_top,photo_bottom,one_to_one_print_result,status,notes
U2,ESP32-DevKitC V4,Espressif ESP32-DevKitC V4 with ESP32-WROOM-32E,official 38-pin reference,28.4,47.92,,38,2.54,25.4,,,,,vendor CAD imported,,,REFERENCE_LOCKED_PHYSICAL_CHECK_PENDING,"Use WROOM-32E only; WROVER reserves GPIO16/17; verify delivered board at 1:1"
U3,BNO085,,,,,,,,,,,,,,,,PENDING,"Expected Adafruit PID 4754; verify actual purchase"
J2,Bar02 cable interface,,,,,,,,,,,,,,,,PENDING,"Verify exact JST-GH pin order and mating direction"
J3,GPS breakout,,,,,,,,,,,,,,,,PENDING,"Record antenna type and clearance"
J4,INA260 battery,,,,,,,,,,,,,,,,PENDING,"Record logic and high-current terminal geometry"
J5,INA260 solar,,,,,,,,,,,,,,,,PENDING,"Verify address-jumper access and 0x41 configuration"
J6,MCP9808,,,,,,,,,,,,,,,,PENDING,"Keep away from local heat sources"
U4,ADS1115,,,,,,,,,,,,,,,,PENDING,"Record address jumper and A0 position"
J7,Anemometer connector,,,,,,,,,,,,,,,,PENDING,"Select keyed field connector"
J8,Wind-vane connector,,,,,,,,,,,,,,,,PENDING,"Select keyed field connector"
J9,DS18B20 connector,,,,,,,,,,,,,,,,PENDING,"Confirm probe cable colors against continuity"
J10,Leak-sensor connector,,,,,,,,,,,,,,,,PENDING,"Sensor electrical output still TBD"
U1,3.3 V regulator,,,,,,,,,,,,,,,,PENDING,"Part selection and thermal test required"
U5,Fan driver,,,,,,,,,,,,,,,,PENDING,"Fan voltage/current and MOSFET stage TBD"
J11,Fan connector,,,,,,,,,,,,,,,,PENDING,"Select after fan rating is known"
J12,Service I2C connector,,,,,,,,,,,,,,,,PENDING,"Bench/service connector only"
H1-H4,Carrier mounting,,,,,,,,,,,,,,,,PENDING,"Derive from enclosure datum and standoffs"
